feature_1,feature_2,feature_3,target
-0.50183952461055,1.8028572256396647,0.9279757672456204,1.5781335829490382
0.3946339367881464,-1.375925438230254,-1.3760219186551894,1.4234054406287606
-1.7676655513272022,1.4647045830997407,0.4044600469728352,0.30293559195798986
0.832290311184182,-1.9176620228167902,1.8796394086479773,1.6588212385378356
1.329770563201687,-1.1506435572868954,-1.2727001311715975,1.5889516527330843
-1.2663819605862647,-0.7830310281618491,0.09902572652895136,0.6712570665078019
-0.27221992543153695,-0.8350834392078323,0.4474115788895179,1.0126520481451193
-1.4420245573918327,-0.8314214058591274,-0.5345526268252332,0.5884249152302788
-0.17572006313185629,1.1407038455720544,-1.201304871366561,0.5991698403775195
0.05693775365444642,0.36965827544816987,-1.814198349120009,-0.06859560882527228
0.43017940760575346,-1.3179035052508339,-1.739793628058882,0.8442570405109575
1.795542149013333,1.8625281322982374,1.2335893924658445,3.9082162261262816
-0.7815449233065173,-1.6093115439744645,0.7369321060486276,1.5561875220281751
-0.2393900250415948,-1.5118470606208847,-0.01929235955491926,2.12538975436458
-1.8624459155391264,1.6372816083151283,-0.9648800735999323,-0.02564075091488209
0.6500891374159279,-0.7531556956423562,0.08027208471124325,1.8921463109990584
0.1868411173731186,-1.2605821778978918,1.8783385110582342,0.5533338573064781
1.1005312934444582,1.7579957662567565,1.5793094017105953,2.8378928225068094
0.39159991524434057,1.6874969400924673,-1.646029991792322,1.8169226056895993
-1.2160685503234192,-1.8190908443578477,-0.6986786769469426,2.2697203245152924
-0.44529084124207197,-0.9146038729044164,1.3149500366077174,0.3471835864228443
-0.5729866932256429,-0.876261961250477,0.17078433263299386,0.923022346235246
-1.4363031001009494,1.2087879230161587,-1.7017974252809167,-0.8958659476998754
1.9475477464020692,1.0889790771866297,-1.2051372738633104,2.566797165302257
-1.9779115315055904,1.2618457138193366,0.8274293753904685,-0.08237501084791352
0.9160286721639492,1.085081386743783,-1.7038213930636386,1.6922967861676246
-0.5661370858229096,-1.5365237618994811,1.452413703502374,0.9871711627769154
0.4931925073102317,-0.6764079005894033,-1.7457665988559055,0.29544073837431983
-0.7560707131373512,-0.6992667118930118,0.9184247133522563,0.28275363498238104
0.5502298854208525,1.5488509703053062,-0.11114029935220282,2.997878412066468
-1.5216230162467932,0.85297914889198,1.0431401944675898,-0.6172445775316846
0.24510879027798493,1.083868719818244,-0.024817614542437028,1.8137242583035582
0.09093131752797623,-0.2898359265658015,-1.8983234930236192,-0.16242190473569657
-1.5684342920267822,-1.874283257253063,0.5456416450551216,2.488307933117134
-0.7425760756946933,0.03428276465881108,1.630265895704372,-0.7393924592909868
-1.0028310834045002,-0.35846830785748107,1.0222045541721947,-0.2252659099057225
-1.0848073380335101,-1.692080360684828,-0.8409941883449279,1.7417109985136963
-1.3551148509839823,1.7187906093702923,1.2324815182576678,0.04101678185712038
0.5336150260416939,1.4858423607508708,1.2146883075964579,2.28802212777027
-1.2537197644558566,1.570235993959911,0.1573689676626029,0.7832467627890279
1.2297606206562501,1.584365199693973,-0.7279861001125445,3.3439294004785802
-1.559792301889293,-1.0882593498322333,-0.29156884549497475,0.9662953123841516
1.2720590636899725,1.4429223330253738,-1.9721914778752372,2.0070101431492566
0.042989210310262926,-0.33035598740488403,-1.111568758117079,0.47153642877823276
-1.5205385306652688,-0.6495393143854882,1.7716388156500766,-0.6993305682322073
-0.7071882719169791,0.07516248697346439,0.8120758355807114,-0.11979147345074184
-0.5454815904828241,1.8871283308838427,1.849789179768445,0.5854051223109201
-0.9928708166985434,-0.011005976430458198,-0.7964867607329214,-0.23543198888880867
-0.8606380224901296,-1.8524522105818688,0.4382573359195874,2.3620374514104516
0.010716092915445952,-1.7940849950000426,-0.8854141430535543,2.254222067387014
1.6330635438666148,-1.0417524373321103,-1.4204205116351076,1.1079476770618235
-0.04218895888974794,1.9426018164424028,-1.0317789139539983,2.3510626168526705
0.6885421896235142,1.0464784613148703,-1.0494498240304013,1.8425143316484807
0.9128653944474383,-0.5288674691229871,0.5292233223743179,1.6223080121918865
0.5341188430435788,0.1430987362990339,-1.6388409197823668,0.6416040659047322
1.3412099823569519,-0.7168797401130567,-1.253925958400583,1.3879133906408256
-1.8368994337809443,0.36357177275296726,0.7102574473691297,-0.470828303615451
-1.9336486842885754,0.048372233197123915,-1.0940168992082482,-0.41988534475949235
0.5806911616377994,-1.3025342839800342,0.7637509524098638,1.9733751348932345
-0.45305861479785037,1.746919954946938,-1.449916223416027,0.8564695141107916
-0.635734595798966,-1.5461059150376437,1.6987744731142511,0.8505755778240137
1.509357413523924,-0.9682334891393776,0.6399361841367162,1.9843552085116358
1.2688888008048633,0.22080324639784932,0.11860231342402594,1.9439210112742533
-1.0325908363981933,-1.6275889287764032,1.588863031813307,0.860266958412557
1.6016722286533218,0.5324058290930718,-0.6438808358051973,2.298611502689808
-0.6031617015493564,0.9038227154809575,1.5884410398103084,-0.3128410017143377
1.5483456970604692,1.1195021834304955,0.568126584617151,3.044461560792304
-1.6634401400198047,-1.353485143621545,1.594216754108317,0.6063224769333231
0.4257162386383597,-1.9632117935334814,-1.5941138285358716,2.105096331357372
0.6540070764322232,-1.9797536646151253,-1.3567677943300054,2.2594029356958716
0.1949351574663445,0.767580790770773,0.6078450380104021,1.4587939928025109
-1.1029227621577609,0.8487168853901434,-1.0510036500127997,-0.19953067350847514
-0.6984012073629291,0.9859656204720966,0.5985315961888587,0.4397149616695931
1.3968936419767117,0.6304515692013735,0.2732344133418865,2.4064091666109895
-1.62530092868763,-0.5291367877622659,-0.9391905292730982,-0.1631893919063688
-1.0240414264836657,1.8920422190097823,-0.4276091013329584,1.3158221151286453
1.5681862207084531,0.5245545039890516,1.1792452141665937,1.823183390537433
0.010548372420768448,0.30761553850543644,-0.0299292247245444,1.0521683420346908
-1.219028048807822,0.8898084610460213,-0.8769105502365768,-0.1163312041113366
-1.9027361342741846,0.5818891836286713,-1.2915572823718042,-0.8660524196330892
1.7618343374116572,1.8157143080103495,1.659457560881794,3.5578287082752573
-0.5193651989782224,-1.9381735338845303,1.7132742503509015,1.4399523462444739
-0.2872634067307427,1.8666192761746783,1.8544799083570114,1.0156923966548699
1.4120378218694403,-0.8222044317216572,-0.45960908559229896,1.8559298015609216
1.4045466860674276,-0.7323119793748893,-1.32202901325563,1.2145230357996217
0.22720504983340062,1.7446190966431239,0.784119186699892,2.537076947214973
0.28024468035745986,-1.6112940249169259,0.46002890679667896,2.3221504398178547
1.960215400417053,-1.4396639390539039,0.07331860945494695,2.1947485782705836
1.5094922877118218,0.9630744710168178,0.7880629639810719,2.5595473106214555
0.8099363359484371,-0.5620353951209793,-0.8256326229420266,1.2630557307623487
1.2374446219140545,1.240453578716723,1.4682892743204148,2.452097276840008
1.6529622102258852,0.04536959544375119,0.0060651787487984166,2.158280765356158
1.1931807158671006,0.5998557231110606,0.8078675090308134,1.8859958725664532
1.1831706777444042,1.5600213672702652,-0.6480193725938568,3.562625612919194
-0.49766818944022395,-1.624072240636524,0.3131205639846959,1.9849816705953554
-1.8562309048130317,-0.13760792747015937,0.1705785388303065,0.1383936649218113
-0.8538349914868624,0.363333042276043,-1.8779990002438023,-1.0538394392905828
-1.8506072450031423,1.290402242638633,-0.5592374343549484,-0.020727873860982526
-1.4917579493924609,0.08897304021921748,1.0799742123944434,-0.6397633232134012
-1.1367158900126273,0.491561903276001,-1.658610140024928,-1.1108255905561484
-1.7932731153255692,0.12541852627259198,0.16254048644042607,-0.13976178527388342
0.5497196059928262,0.9043653348906462,1.9034083178501384,0.6708355066100395
0.06520139320478124,-0.7081741082350161,1.1807447790748147,0.6755765702346824
-0.9166709949517031,-0.24411431717745558,-1.6861744746309362,-0.8833511119193233
-1.89859702633817,1.8505936587117002,1.3439204820488233,0.004675974148869486
0.7838968243747919,-0.3641882223429205,-1.306822719716617,1.0963582928085103
-1.3742518293156558,-0.9990284073416187,0.19690665882448188,0.8528277523615434
0.8583836908002493,0.6407895068709251,-0.8802644122162286,1.7879933866023112
1.8194611226527764,0.951587666783074,0.21741621004560274,2.9678410275807643
0.44688298493740897,-0.32159975028884036,-1.0090760419953702,1.020597839637104
-0.5761092853949537,1.0313844418574765,-1.9424260454809765,-0.5466843279114957
-1.535709437972335,-1.815989431912989,-1.8370847907241195,1.297289627658496
1.4218423360440289,0.8146314375200947,-0.10330468365069922,2.7111159900955304
-1.608663357395994,-0.03353649953267057,-0.10611291687773727,-0.11192703689156974
-1.3071925203599393,-0.26459340304810786,-0.40598106241050624,0.17894095790726094
0.46340039220886586,0.5403746034705752,-1.818783960911822,0.5113931918125224
-0.5015495414941151,0.5034396628569455,0.012545034320350812,0.4937836560320444
1.425959364753289,0.63477452647578,-1.3482622916742812,1.687043266091051
-1.7177250103982806,0.5696771128252625,-1.8939547578335127,-1.369754148350914
0.3431023250938532,1.7609209656998304,0.3018967115035158,3.0019272336191274
-0.44732029517391236,0.5731528737694127,-0.16698843803393348,0.7481737963667198
0.18246715726373974,1.7658592351061007,-0.455589448796903,2.971638217817362
1.8447622552956568,1.621402567824255,-1.2168354608428142,3.4425265368582427
-1.7225547964993382,-1.5968879944902934,-1.927112697393801,0.6248081745845505
-1.6222281569762864,0.7320270936654274,-1.715245406159084,-1.2005657399498781
-0.7240974788249548,1.3795012438778183,-1.9069122570566965,-0.2682824174671782
1.2578739303557431,-0.8725809009064003,-1.527340689513375,1.0232130106355402
0.7869486614566026,0.515771387119536,1.5098880541082118,1.1691747274195112
0.9402841752155431,1.2139237215393943,-0.8718617097147741,2.396502943387444
-1.2902418248811087,1.0024590065634333,1.227338957069056,-0.4404279760739551
1.9620205680026932,-0.3495292923542941,-0.5119276568288673,1.591008955879985
1.1056518429679874,-0.6367858389879286,1.723029302414259,0.9055779687012725
1.4336510073720472,-0.2840238904999266,1.0034842711659895,1.6454064104830408
1.0181714963387294,-1.5875045246562696,1.6102116267182667,1.5102586183693376
0.02100948979142858,1.3058298644309665,-0.719801595877553,1.5788150328030863
1.582092913984802,-0.44319328506334754,-1.9566493940788066,0.5974036187291113
1.6215279056770546,-1.6348532928554658,-0.7227454496383405,2.2510775288515377
1.8002478682032197,1.8024285877502244,0.29375155249314444,4.524234406791837
0.5273488486791971,-0.2062179120867209,-0.8271569132077419,1.1713922899393832
-0.6853418185203362,0.6900738243081537,1.00949811775072,-0.19639933010144459
1.1663161749033941,1.1584725711782156,-1.6351755878052385,1.9299614685142032
-0.02231878118967412,-1.7697649599334229,0.19811552929494214,2.467033223999363
-0.23387799450649194,1.550816731033199,-0.5963399497916853,1.6400384415902431
-1.5317319342895765,-1.4280332717886566,1.046042526869889,1.3219748257231207
0.47287225326504423,-1.595509295508839,-1.6635727755400103,1.283634456625129
0.80387652583648,-1.708947974543226,1.2874402371614249,2.129068130384027
0.8249689086259848,-1.674604877432401,-1.6606491436592323,1.604600091136796
1.9465583140047018,-0.5029168169755187,-0.5174314117324363,1.6041204249535042
1.2511982690300103,1.7889943095354348,1.9440042552914836,2.9355608577462657
1.0135127410357665,-0.49496165787633695,-1.665997133205325,0.7596415042779938
1.1085876637097472,0.2336169989432202,-0.30311196301209486,2.0115272254797487
1.625417540378944,-1.5552100707753946,-0.0294995828365634,2.5458714809864005
-1.9545854209303237,-0.12535743202349492,-1.7747868972726506,-1.0815983358679315
-1.5247283349277123,-1.5298950128915805,0.5968412084642543,1.637044008983273
0.9841795170616932,0.3334750603886385,1.8486901938981677,0.6040348210503037
-0.5005176819051838,-0.8571516548725571,1.4743965127578411,0.02989008894368793
-1.1056166459221894,1.8528901577624453,-1.9513821012407346,0.13172917851597638
1.8795153068305561,-1.8273603521976955,1.5645724547922844,1.7226727669582753
0.11080443634519943,1.9718591844772013,-1.7048137410584046,1.8515153476931554
0.21541713760528314,1.8772101424763958,0.09239137668059527,2.960518029810234
0.5175945525410501,0.7829947559384687,-0.18183574092890709,1.9546137383949305
0.5102323203362538,0.33725724769240095,1.604632041963956,0.6177723003443479
-1.8182144786341685,-0.8761472416310787,1.801645936306235,-0.2817401704031389
1.5610551355636653,-0.17737298885714825,0.48053039120614693,1.7938707340693136
-0.8904752680754693,-1.2475153611049548,-0.14520638024007138,1.3109716000002147
-0.5865910878957887,0.3346244474034883,-1.6890614521400606,-0.6416264242509115
1.897579230664666,1.9448429779184115,0.7926468560789806,4.655987070680921
0.14438546537648156,-0.761889534854689,1.2551800788277947,0.4895927173925955
0.7389246902155171,-1.3495322426204348,1.6437087379753699,1.1891234797778778
1.290148971692676,1.7991996531676961,0.9028780335534399,3.810019019818487
0.45366078374315943,-0.3270278548375245,1.730913933416053,0.3053114812597434
1.4642555580016334,-1.8191253195752424,-1.894532102010992,1.8302544677324963
-0.4941465324878016,1.2422133231273316,1.9491045172597778,-0.21948475454279634
-1.3983324355858873,0.3765228614085405,-0.47643657347591395,-0.21494959986516754
1.8796575912584128,1.3684756925428347,1.3533148188445514,2.9686742050050055
-0.12522736082011887,-0.3407219906493393,-0.9063717122771751,0.6108207739541827
-1.7744980133962915,1.4588895050202129,1.2516040365203103,-0.33597491739824226
1.9988706931445224,1.9865473482956215,0.22172682241050978,5.110411580412221
1.075949660722042,1.779062919529712,1.3985895627096459,3.413839862092746
-1.0106075930272094,-0.19782345875962593,-1.48336233939402,-0.7933774305735042
1.8162041090348895,0.4246985378035202,-1.0854287779861491,1.8055212238534455
0.6868027376234269,0.4725129618315833,-0.567349127868638,1.5937496633154389
-1.545769631201484,0.6862927823711984,0.08123080361517321,-0.03018926271114597
1.0892735669425573,0.08065400444797355,1.4087260012741605,0.9853926270385102
0.20762735509794217,0.24375188614154508,1.50661441063338,0.27343033361264774
-0.38606853515041184,-1.463939086197437,-1.884869294746644,0.5261199198177621
1.020549022694476,0.48123820541385864,0.8163190723968943,1.898018038767446
-1.148143353964357,-1.454514097652921,-1.9418213373284723,0.3760734447885351
-0.5976497647736121,0.35967074741853233,-0.4310238196010707,0.2214599342968343
-0.25010031190508375,1.6166347779749937,-0.6069781319067986,1.764825406384644
0.05595795663924319,1.1346120509645723,-0.41382887071491936,1.5632780773201083
0.48834680091149396,1.4494548349869807,1.7980824946305685,1.3807924115326053
-1.4117060762838483,1.7063505006459776,-0.03153482768184723,0.7235857035243398
-0.9670224468041666,-0.16345697504695478,1.9201303011419082,-1.1355401531942193
-0.029527624028521604,-0.6849935588499672,0.5336034172669031,1.3148040979757032
-1.0394175248872277,-1.6965466875653443,-1.484481112357403,1.2355562765548098
-1.4878166441689102,-1.3923892259508226,-1.4446913094023595,0.5823099794023883
0.5634989792128584,-1.2724796624034207,-0.6173308667045472,1.8875864321963147
1.5871536396240473,-0.10415343894851059,0.6702309540841087,1.8415144939225603
-1.3107205151934807,-1.230843924765317,-1.8365255349340845,0.22133693838163787
-1.3242597477113418,-0.8856386438721655,-1.2919580628930127,-0.10910024866404622
-1.6451898649717775,-1.5174565155975968,-0.1568849278690969,1.7027806275307418
-1.17466512637683,-0.5429205558076982,0.013669083419427519,0.6031487362882945
0.7615793145174612,-1.8427514406356043,1.1976415956361706,2.370427639284673
0.511601557963631,-1.6729638722045124,1.494314496427109,1.6217891688886368
1.6834896021272527,-1.755688160580545,-0.8924894074111851,2.329110998645334
1.2248051191722453,0.9930387615346334,-1.2619159225744907,1.839103888715758
-1.1626027066531588,-0.5181115888344721,-0.06190805923591469,0.39550968261917663
0.4730190861211838,-0.5243454417209104,-0.14986113546740842,1.5402113267078417
0.9898837525350261,-1.8532671884376084,-0.990252222623917,2.643812093752854
0.8533983435382098,1.5808273507487973,0.0467097684626645,3.30526880318408
0.12845394106126262,-1.5713119546408958,-0.21035053270618143,2.288585739371112
0.13046906582009266,-1.0301179854610814,-0.9230270762024761,1.1312177841094602
-0.4908633475815094,-1.9197152088890945,-0.7116833376672869,2.436763040430436
-1.1542079720138214,-0.6900105912883414,-1.5209514727229951,-0.47720314773623096
1.5621091229595798,0.37436981421619464,0.7164092765779584,1.958839057526159
1.1566849544293532,-0.006231204283770886,-1.6523188476503052,0.7323176051026217
0.1484261672741911,0.3473644720835165,0.98175789673732,0.8443556015914013
-0.27336181508128243,-1.489678788817745,-0.8648963768051021,1.6963319843502278
-0.5476708144054596,0.5836689653264049,0.28311321867564754,0.490465437998248
-0.575613096408615,1.9460609951719188,0.4230992774275486,1.9288186393872724
-1.051092833056022,-1.592870109518385,-1.388563443262672,0.9392942223469902
-1.0161690864619675,-1.3572745069617773,-1.253731903794777,0.766577348693232
-0.8596193252246116,-1.3065056188209807,1.5870616985057007,0.4115284518136848
-1.6790650173534312,0.09804555828101869,-0.35841269204135395,0.15980845845429031
1.9295144676344256,-1.5518443913277906,-0.40857760381703345,2.048656439334645
1.8778817331014754,1.462028503575921,1.2682882837971197,3.289970327879912
-0.9683886918202407,-1.3164496504397367,0.674572879697724,1.3056562199681974
1.7175039565103432,0.22705157205571913,0.2864507578795994,2.119338915877171
-0.8800836253588633,1.0779717327677476,-1.2518250057699065,0.015059773200391924
-0.7052830543830253,-0.2982542455343329,0.030441514737820086,0.4960817561420456
-1.030361070339679,-1.5406527010431859,0.4424801697665304,1.7481575223347525
-0.8454777870389769,0.3249528856904491,-1.3825491389031908,-0.5960878225176904
-0.07543959258073007,0.13035773020634345,-1.7927058527102924,-0.1675575654423177
-0.6535828872243177,-1.462341292244103,-1.746500118108929,0.6827603939528833
1.959840929559781,-0.7105846201011081,1.2394977834185394,1.022650776202736
-0.9814373809449446,0.7260108888957171,1.0409114395587462,-0.40800222979447953
0.3825549624313771,-0.11369524579936652,-0.35263634341092587,1.2848742490644758
-0.6045269338280188,1.7181165769913034,1.3224776311509165,0.7617657647075988
1.8601076426660503,-1.502811106057821,0.923469900814577,1.8457474610168272
1.7533618272841514,-1.2750677353373594,-1.73401493053289,1.0868324357907932
0.9644825971602362,0.2978924527196476,1.3673151070330882,1.1086675528252488
-1.440910493494842,1.1810692474395608,-1.1934907198090219,-0.44052432477719067
-1.345376228537182,-1.3429368082760282,1.2582988809255284,0.7823042761667133
0.6607888827848005,0.0922616990764773,-0.56467806350599,1.5658896492368646
1.508802163252433,-0.43021957030945845,1.2663977578863084,0.9709190653657953
-0.24346036571912633,-0.4922222823003697,-0.14928085732157426,0.8442382515559361
-0.7944885033434317,0.9904375207050045,0.01088156036991661,0.5619797215496684
-1.0711492194127308,1.5982982930982739,-0.46443511450715436,0.9000048593358625
0.17421144445595438,1.6258884438581878,0.4969519836559684,2.4099122354144744
-1.5324078371665437,1.7593284944539005,0.5108322122856714,0.42423515913179355
-0.6603775413716555,-1.442911709346451,1.176100757081184,1.159940311043245
0.4802910237140541,0.1338443679052861,1.5755703322038306,0.42196949833596903
1.154388844898123,-1.3933004810689953,-0.7531117288178071,2.0132654761200963
-1.006043440742137,0.9757851702907079,-1.8658702610568825,-1.0163923438744065
0.2795587394852661,1.0498347429627621,1.5070625470469978,0.9602932878771222
-0.6316730051363701,1.2850292186880514,-1.557473052179171,-0.055512787030238195
1.3858091669380728,-1.4900453506720703,-0.41085083775853093,2.169805367461505
1.1891814631182145,-1.4003302906049049,-1.082994419069434,1.9673447766508603
0.8890102735722651,0.8801461461842974,0.5645905315411892,2.3708100001311183
0.7757937778684001,0.1708977733903847,-0.992803764372189,1.366156285985704
-0.6172160259843222,-1.2736091327942973,1.6338022453345133,0.29136779890908254
0.33356717906448186,-0.39659433294544044,-0.15197678542346926,1.334696524307716
1.7891333584472613,-1.3865943875356792,0.34491932806718895,2.133790925475743
0.023554715537863924,0.4458169417385913,-1.927559264716638,-0.16328416020950864
1.488495635776606,1.7284731299344496,0.26053273435683577,4.295359237151141
0.786603295507569,1.6899975247091827,0.8289545372535945,3.1370410190428326
-1.3898438283429546,0.3051534406672527,0.4268601855314236,-0.14587837815537835
-0.3034773147904559,0.9457769424988913,1.7374680590760594,-0.05787304823834947
1.7022740516271053,-0.19664251438347158,-1.547047816636979,1.079610062006058
1.9393647958493383,1.3555923457837364,-1.5013492751869326,2.7801976760987905
1.6833675304694893,1.4795854482485131,0.07535222850428847,3.9115309629221264
0.365101742979717,-0.40398918451947896,-1.7809534447118747,0.19416791648501236
-0.6592110334163963,1.2114137943920458,-1.9814719079815886,-0.3764878069365385
-0.6660033132354233,-0.40732522563622675,0.1495824117516915,0.5763022335545235
1.679422465651042,-0.614616022536155,-0.6121871924150892,1.605606716732096
0.9500049924389935,-0.19112823644077137,-1.1015807082400721,1.369735390055448
-0.1902419354692264,-1.4365719184808006,-1.2944520539751068,1.267392614547761
-0.0065289090420810325,-0.32429820198180836,1.6593836042724002,-0.0860848639471237
-0.5504244035334676,0.3223534011121738,0.5290571516781215,0.2910115392423935
-1.9476221736466655,0.6541494880668424,-1.2878561325209943,-0.7892546575055527
1.8442812698778206,-1.4053490889875482,-0.3415035050919051,2.161351512324853
-1.6586013276854246,1.9874970073837894,0.008780041324970345,1.0096756899330386
0.38154006928017514,-1.73169409044629,0.9998418815967112,2.2450854618247322
-1.160377627617657,1.592217157762855,-1.1794414380719713,0.3477888953420516
-1.2372491173453337,-1.8538013286076205,-0.11173221956000301,2.5624057165990157
0.2593645330504657,-1.7371654422865905,1.1021104667800423,2.100948355188197
-0.18684466100788955,0.09756107731032015,-0.23694901224708742,0.8797207870140435
-0.39694775649869607,0.23856132523287155,-1.37903901627715,-0.29922649370224014
-1.2722874780189155,1.4471424840540692,1.784461848534531,-0.6332705659701746
-0.5067627348809882,-0.9170213074257849,0.575998172956063,1.0941079966374956
-0.3650633156076144,-1.8984545773586206,-1.3753896105352386,1.8253342269589723
0.8638889153895901,0.6356957676406054,-1.891616029986066,0.7270718735939727
-1.1121113522682022,-1.0757008136477144,0.6875709743949137,0.7484013350262166
-1.9211578489825434,-1.5835656720617046,1.1996643414927575,1.4809825958189662
-1.2858213517826655,0.6109844314074988,-1.047268875813094,-0.587240709874999
-1.6022344289626194,-1.0273112360021837,0.8890677274226366,0.6150617394859955
1.422785872425143,1.3208794582679664,-0.4112658815261807,3.2012850901852223
0.6723405462825847,-1.1800628183367161,-0.827409078955947,1.759419007020833
1.585343274084479,-1.9479923059570559,-1.6579658765821277,1.9739287760669735
-1.1684549794158907,-1.8938711845047211,-1.2742582596408107,1.7385338034667486
0.3321662438787687,-0.3143017976300082,1.5706868443078994,0.4962021755026445
1.2697742469537636,-0.6327305932084961,-0.9623062662748301,1.536888840450428
-0.4812303673309324,0.36117977005923096,-0.927745436708495,0.25290987860424474
0.49659563139653606,-0.3623533912350383,0.20818872340792094,1.4007256417347032
-0.25549388345873325,-0.8221369618323293,1.7938132278486267,0.012526301970546189
1.0544231766390433,-1.4395472969341898,1.4738719035916512,1.4379755251861903
-0.05027520700194543,1.5782089075763657,1.1994210237892609,1.6232362859359322
-0.2991459821230662,-1.9101227667195304,-0.9252905624602157,2.3197883844715066
0.16653685864346768,0.5339128793045891,-0.9684492582671909,0.9568776130794797
-1.4425757037087035,1.3397209471971965,1.9376087228142085,-1.1503607201838455
0.1027607292107433,-1.313282856606786,-0.9107706939225242,1.4480798466167097
-1.926437293810133,1.657195226241996,-1.5289956684394355,-0.42050899118190277
0.3060659020570142,-0.903779117251176,0.21671201006317364,1.5085081762827077
0.6056815534074569,1.3189672148288065,-1.1743149129575872,2.111317748744282
-1.956016685366078,-1.452457479724771,1.6000745673924204,0.8144221937815705
1.495560310250061,0.3896524086812332,0.4020674417346135,2.252981556306908
0.6601466981850219,-1.2985148855062016,1.6576477836998391,0.989145455221439
-0.32491790043170754,-0.4674458870020102,0.07567082113135015,0.88795462950811
-1.8121361328997798,-1.3348665249756824,0.9521344657054818,1.2881123023901426
-1.6688053282994941,0.4126084378655528,-1.0186035612747162,-0.6617688722091432
-0.4428175438320938,-0.8452250529172005,-0.5773091341402035,0.937136826559325
0.876183620736982,-0.8115131375072999,0.26561856118758875,1.8752426277151388
-0.09579839120360134,0.6546846614505926,1.747318957299032,-0.12965274318773148
0.9302883888410012,-1.140238485636973,-1.8752674597548613,0.7329948877206738
-0.9509438228006997,0.3803117228010193,-1.7942967460629986,-1.2680490685176173
-0.014535011195054626,0.38737139566755685,-0.6630244367321567,0.8819039582255375
1.0836488149832877,-1.5736069874649128,-1.699448873056765,1.3254417745836589
0.9127550248144134,-0.01803473517520615,0.7536095857109442,1.525173957393368
-0.2606906455850151,-1.0143918670435728,1.2764092706967989,0.599888755570669
1.197663515875917,0.778785883417707,-0.9114194510801492,2.194799404576529
0.3609226674763484,-0.5561044122398928,-1.6336717066934634,0.35451194670750275
1.6692543018489712,-1.4527254763241544,1.8009494152832097,1.0618007507936555
-0.21597690816817705,-1.2594682846455214,0.16760378951343258,1.7196076612087559
1.4917833435056331,0.9288995456382447,1.226244591445799,2.2153029371527984
0.6351334668428694,0.7691062580714099,1.3967826062612771,1.2403451479924037
-1.0013279645632562,-0.042300145427438096,-1.115162232721591,-0.3416276318475892
1.950672031986588,1.776237358746453,-1.8422927545259764,3.123946707235934
0.8223006900627539,1.7009932696626633,-1.2776986194906659,2.9636189818444256
0.27178092221051786,1.6619531903521674,-1.8642160856568046,1.557017138234112
0.7896810689873597,-0.8106039705097969,1.6975847815061216,0.6185152272115743
1.884232980661471,1.7770659564537357,-0.10314313337014491,4.505060572905501
1.4481706039572537,1.3781975941402815,-0.7235981070269775,3.2864623619527604
1.3156618966027094,-1.8519694611380295,0.38507951392821216,2.864874013053938
-1.0799646508491878,-1.5177324568908848,-1.6921871934831634,0.6738370220860593
0.785155103512559,-0.6405001449277354,0.8990670861150458,1.5266646739530674
-1.7385746368042305,-0.7388386486775587,0.15796516950134887,0.7680670076595806
1.1628926593558542,-0.7249899882717203,0.5035655057480364,1.672479679013073
1.5439109929447485,0.46345275272921826,-1.068162100985465,1.865634400276651
-1.902396873773848,1.4803954956037195,-1.9149223565984514,-0.8991077473708071
1.4988066907367976,0.11574853610884794,1.7562707940515847,0.9104220991677608
1.1951329430946616,1.9917364421333499,-0.5971527381931594,4.563926410955058
1.0687531557245076,-0.39227634556303137,-0.08049751878436462,2.025756441845856
0.5100218528734803,1.494708456745355,1.9363338767971805,1.5788927705592222
1.0730936554580728,-0.32893287133066496,-0.3145719908917193,1.8027470825258654
0.950329206355566,-1.0448914169267907,-1.5581035474744214,1.1788100276856117
-0.5815113694368939,-0.8510440333836731,-0.8147675181760397,0.6618443344883024
-1.0655689958003602,-1.8316272414545525,-1.9285042610663448,1.0401444000976507
1.9508895589441262,-0.2889074650565506,-0.4626934113612733,1.66098793472277
0.7185891307722794,-1.1269844485397433,1.7998447358009013,0.9797091051300231
1.1453800576622082,-1.642355990750962,-0.32967689686028656,2.5595012048446124
1.5164732302486588,1.7789280891656412,-0.1303939550005211,4.534874003562988
0.4536455568428308,-1.331864215631699,1.9646745045479062,0.810132030458974
-1.0733131944662264,1.7709270965405026,0.5985865959694738,0.8052793739253569
0.4309471795154365,0.05075404406603434,-1.0773207531289652,0.9360358308355892
-1.293887871977967,-1.1180551637192986,-1.254246951422982,0.19839645780941698
1.1183378942670132,-0.5994989633330796,-1.7686292937464145,0.7439476023180388
1.8764105205632453,1.5351435398537028,1.7110091327808519,2.944932337999402
1.9796312905857412,-1.3044190031220508,-0.415031924389365,1.8495263129429036
1.0329539028163652,0.7840824722151689,-1.3844163746405798,1.6068424807236683
1.263332499962471,-1.1022377126533573,-1.1047295407095077,1.787612163761295
0.1478976915736543,0.3717597393668126,0.3203448313512447,1.131508694898985
-1.6340526504089805,1.5098434505215215,-0.9375998296451757,-0.11250162821319915
-1.4819403148687833,1.5549923194759088,1.8226059929190135,-0.5793667076478597
1.4485104690618025,1.2380642988995123,0.6209679225560869,3.306513128351633
0.20342948243655723,-1.6520529603543594,-0.3661871477172052,2.3999148039857365
-0.5092459319507441,-0.9609848649586952,0.8936804547543398,0.8487343421205585
-0.01649705968491677,-1.6758151363694083,-1.1192671922007547,1.9664652023448836
0.7330350546383837,-1.6954765620387993,1.4048276561950748,1.8245548100164828
-0.0194138919441027,-0.077653690693408,0.3696311386380704,0.8679847280948437
1.2987238637005967,-0.6087631683912278,0.7120646102362542,1.7914296865954582
0.26292785598316426,-0.9318869193223147,1.514519945420632,0.8453579120330199
1.1897040864277124,0.633807338633702,1.4023269163769676,1.5792894846160117
1.4691768038392095,0.8334519068601391,1.3480533134546882,1.8424329441934084
0.7898858466771346,0.7205630870412016,0.4744455128607372,2.2288795622968256
1.010866558230565,-1.3655795788277052,1.5234830367957137,1.359769139316764
1.487374110980928,-1.8830108678617634,1.3032670022590507,2.160000545829327
-1.4845205301062192,-0.6595245829634324,0.9740330251664311,0.11113106277522337
-1.3569604158067672,1.2718680964762488,1.3285367118309677,-0.2908493488766103
0.029870935043344815,-1.9744565131326657,-0.8518474673003489,2.7054037475645982
0.4677076735029688,1.924744712109694,0.5272541080666735,3.4789063024505253
-0.9607856757433608,0.5360228123984454,0.1599415188634219,0.20308285134944648
1.1193815806045744,-1.5720774446921664,1.044111610008112,2.1146398065236105
0.1650663147044411,1.8519680154359786,-0.6325113358452557,2.8332791432822604
0.5304875725357925,1.7281124220400699,-1.589961088037283,2.0020432870170333
1.7489139489458045,0.7515428892032534,-1.7286517635793124,1.4740410441844394
-0.796145732212735,0.8326883545811263,-1.7305975941249132,-0.701852726694125
0.3286818407050931,-0.6164677721881731,0.48366207106990844,1.222221943576188
-1.8170318647499486,1.486147224609505,1.8939558767095876,-0.9545649796701839
1.875511421142766,0.9986073269716988,-1.4796550394774721,2.0849786364500105
1.0330527837160903,-1.901652334164794,-1.911505793884011,1.9190469595875261
-0.705559123401835,-0.045427238381337,1.0816296712311728,-0.010619855137565026
0.7331815064260208,-0.21638917449300665,-0.9054933348733365,1.2157703851923565
1.9884980006308446,-0.2952747910561082,-0.19445190268129808,1.747541249968293
-1.3455047152333233,1.1792381949997175,0.7747289031259545,-0.048212868400928637
-1.1169215488449584,-1.6704758175366292,0.7219972082988524,1.7615482620571172
0.6180448571245409,-0.9069618920071627,1.8034542490016414,0.6115076529057196
-1.395768432876399,-0.27066079582959235,1.7744636806703955,-1.1128495549042168
-0.3210907322955108,0.5541037906563422,-0.4096224081488229,0.5887482283928434
-0.9031391906053199,1.935910591839313,-0.3626639747398279,1.5613076699573067
1.5763968147165377,-1.0801815764356553,-1.1475811838996668,1.5461890077271117
-1.8754636684619546,0.6066673015035402,-0.5258946251049554,-0.326815310606081
1.4574329993585482,-0.10716037323377137,1.872773711658887,0.7445960575106364
-1.2578979371875154,1.4744926718224431,1.106387411166967,-0.03607283341873492
1.083687378576208,1.3791329124675507,1.0440959637719955,2.8110584155324916
0.5048812865256616,-1.4750204892704497,-1.8698952820349923,1.1355083064986258
1.6833913912627474,0.46660125808295216,1.1861491639047053,1.7100388470327703
-0.07391059394979971,-1.530767244150422,-1.4992568311897982,1.2486754136955514
0.7422611489158855,-0.2787764204021492,-1.1979010931986531,0.9654069019571782
-0.03362181303425249,-1.7431642516994637,0.3278856076575951,2.4303565521330475
-0.9240263822596093,1.1902364025487526,-0.7585521643057049,0.28560072056772884
-0.17911940367279522,-1.9535178403675975,-1.7102124488217645,1.621303966289114
-0.4300257743732607,-0.08024466113150597,0.4000821924772149,0.5000291215914741
-0.8333496851627871,0.7799275445061702,1.4404895887568183,-0.655953616646969
1.1194039555733992,-1.8415246986065714,-0.07797221096868423,2.924870526655587
-1.5802792863273005,-1.0318199365498901,1.9466503730685858,-0.3740143857753554
-1.430017828393947,-0.004447386194575742,0.4726229372724764,-0.12342986489481009
0.8098598821764158,0.2385947339476564,-1.9609166103232654,0.40617336242650354
-0.6941547670240324,0.07084657353884571,-1.6485340034206666,-0.7358157776476741
-0.597492275163277,-1.8671875648345337,-1.685686011379917,1.4486198103719048
-0.41230689519361574,-1.4691369838277586,0.2701633930462326,1.9113573729286406
0.757859876549063,1.2023467964363315,-1.1993990230207596,1.9814919582971409
-1.330069670963721,-1.581728638662399,0.5457209981745468,1.645343744268897
0.8259029059476046,-1.8736554206974319,1.7448489849747593,1.7488356084137346
-1.7921148653941104,0.16518534120428185,0.8362420778036657,-0.4292389649911762
1.4838764949843424,0.8563477285297112,1.2069123322791673,2.0648192983424547
-0.6421992298287758,1.259300454986049,-1.6795406144612994,-0.23418540369023566
1.5792666242421105,0.19036950461494495,1.2691910798499748,1.2757193726697933
-0.19072686192679944,0.5743107807860999,0.10561064374445284,0.891299156799157
0.9263580870213275,-1.6734800718776417,-1.7585916640377448,1.5660818187016088
-1.0115870639594142,-1.3618212795472466,1.4871342663688067,0.6359514055204485
-1.1231440505678227,1.9034610232765252,-0.6524168329155726,1.0076343928796447
-1.2715283372452029,1.1587940285699165,0.6348311020035045,0.03768949925449358
-0.007217134187444074,0.22145420375052494,0.8768071130890553,0.5637633747198383
-1.086181034674805,1.9853356642269677,1.8991726485871325,0.11334397774583203
0.6013027453877475,-1.2018301962834195,0.7209129697251653,1.7374765217537202
-1.7112063640832966,-1.8773899911767757,-0.9692684459551453,2.3591340142694013
-0.14950817304273478,1.473090021633522,0.9086762790652321,1.306177241315654
0.9708260847999242,-0.2980266622076986,-0.6162600298121483,1.5630455921041444
-0.5158449480615892,1.9505982549442313,-1.83956323435007,0.8718527924895018
1.4681259844897943,0.31470163428957365,-0.24553832324163816,2.171249144295007
0.901030641660546,-0.0533242343011886,1.4936929523266422,1.1173052247506432
1.602807456045034,-0.31311629250617834,-0.8926888110597937,1.5602494126058994
0.3694013143734489,1.6494533824667639,-1.1573512439773337,2.205559554695651
0.4918663342539311,0.5262408803700822,0.9324520896611239,1.2747086977935846
-1.4737292594909608,0.8632998587283542,1.636130082662564,-1.24724236502401
-1.2812675645190321,-1.0498267003044894,1.8855803761665584,-0.3214489142706421
-1.276092189162041,1.4175403734783165,-0.03088857420786084,0.4213659564920342
-1.0110757023872918,1.4829996050900456,-0.21877897998933804,0.8701151878152944
0.059269415718760765,-0.5630665224009372,0.3718034057397097,1.0844645511672415
-1.345904509659909,-0.43567385339295717,1.87764928934115,-1.0177364561098614
-0.9674662691954898,0.6269466581651688,-0.6992397431012205,-0.10710866445277113
1.0938925027464026,-1.4765053571266007,1.8792841803141789,1.3641799260792107
-0.184841834465443,-1.0557981466141442,-1.7060130106799494,0.2651812016722312
-1.320968379649837,0.07909579422407065,-0.6519872942748548,-0.019036566327427146
1.3155334635304379,-0.27644990535277625,-1.0051429096494804,1.5140882474039095
0.4685799464161202,0.8271088675417833,-1.3318323683962006,1.1948471076773175
-1.3295231348467293,-1.8533142922658281,0.9456080602625621,2.1076829092019103
0.6552181104872203,-0.10147649700074446,1.3766817958767885,0.8268116705996389
1.2226806118002127,0.3414174575870086,1.4730851220530345,1.0283219923686648
-1.176635159852927,-1.5523215224090885,-0.9210015539320415,1.4066215254186663
-1.7716525756427406,0.12467811200412804,1.746422769179846,-1.128598862587423
-1.8426258373259614,-1.5115603439598928,-0.1912038868662589,1.9915845247611175
1.7355000701116197,-0.735375580092998,0.028939234753569743,1.7330445884526489
-1.8337085637984316,-1.4066271961516446,1.9465204918353876,0.42527941437525635
1.8604747857441821,-1.9802400762623615,1.8072471416929559,1.7499120050546357
0.5564797512620014,1.4716731780800885,-0.1810405774645636,2.9651442704244038
0.06238411431700097,-0.04461367897231927,0.6674570301844174,0.8417017702233411
-1.4413949809747484,-1.8801056405092882,-0.7682802336352363,2.4030034629176225
0.8187230509465868,-1.1925861915082066,0.6937297332996692,1.8807014828343054
1.8796481844290818,-1.6243971368423265,0.6904084729005051,1.9566264670204767
-0.2249991227817154,1.4725690175100214,-1.2914008422104564,0.9450542539515117
0.7705038089046581,1.3524611585924409,1.778456877896093,1.8738129737469085
0.7329921131585833,-0.011300943966290777,0.4713889608048554,1.53021417638898
1.475619937914873,0.28243898655531874,-1.8784517612126526,0.8332284265596867
1.7237947820279111,0.7581070041262445,0.706053543108986,2.398672512412706
-1.1372993904091313,0.6355418809306288,-0.4245423773833661,0.17925488260399647
0.6049319081659683,-1.5736278787680371,0.6313812184121441,2.491085996805302
1.9976549030826662,-1.8071518445577759,1.9086967368852692,1.3505210650244521
-0.37236815710851756,1.4830138013490366,1.1295419362330938,0.9813440396793557
0.2680650439466712,0.953796837005306,1.5140622452053916,0.8827002644775714
-0.3834387133958681,-0.6918673537470452,0.6703735422543389,0.5767405461093738
1.2313837677650343,1.049140539106463,1.191254595434538,2.3990550264301134
-0.257666740748268,1.2713368647000864,-1.5191637785175662,0.3898809829155508
0.17795639184339818,-1.9769653580075137,-0.7016566803989188,2.8111219685391458
-0.5341538605144085,-0.41530923356297844,0.7818688267594487,0.243547376295435
-0.44576759491861706,-0.2052255095098774,-1.0498234765026901,0.056190504680231
-0.5069928334826397,-1.090921490947394,-1.7072163049262254,0.055707631403076385
0.4137943735255116,0.672851194220065,0.477961384038458,1.5391242687652127
-0.1460238247977106,-0.48085687928308074,1.453334598287301,0.054450739077361594
0.07632714054487222,-0.08327248948107613,-1.8974317367742572,-0.2978716160490157
-0.6350086894953746,-0.47921752485657176,-0.40470887641239806,0.6154828533463156
0.32068947690932914,0.13441018690751383,0.4316203711737785,1.1349879825704885
1.059533046168513,1.251942954864374,0.8724923049059776,2.7187239159090217
1.8220947838197388,-1.9270696692945535,-1.2168880572658156,2.2403604553020857
-1.9697485000874315,0.589898856618412,1.5921221957999476,-1.1687078061391163
-1.026070813694803,1.7081381791852266,-1.7589304388417566,-0.1810209038527536
1.7377441072220572,-0.5935092510414623,-1.594316686203134,0.8062423579945782
-0.05651296325469746,-0.9728937291179682,-0.8605083921523087,1.2032971728296102
-0.7708401402948537,1.2121035913306537,0.15664510670101794,0.7647249740640737
-0.7547692033759854,0.44133513324367346,0.8646026968927742,-0.09184304742103494
-0.9095039970658649,-0.34580359389859394,-1.5124556266522098,-0.5283609590656038
-1.2754026018612787,0.7244714158599312,-1.2742466092174922,-0.7894629405432607
0.10065353466824067,0.8361850468897307,-1.5724923076210247,0.5417758465318397
0.2692488785156142,-0.973748865194545,1.8517075009503192,0.4250761499193069
-0.0658174131203011,1.2239701991006324,0.20090616862504707,1.6082193549349928
-1.8263498685807233,0.5326055023760894,1.805613368826628,-1.434030037485035
0.40644728058532476,1.2767554377071608,1.5368258533936312,1.3113767507825853
-1.08768091220427,-1.1518206403670934,0.4439239554039669,1.1101924724668173
-0.35588612077318116,1.3594452114668814,1.6000924935920446,0.5240883139029396
-0.5863144827891276,-1.0525177641020718,1.1221020609754473,0.5557925836690107
-0.9007758578074556,1.2904572740547136,-0.3050469854049487,0.699778718391502
0.6701995971658818,-1.6178587446613273,0.49543729870629205,2.2756475915222074
-0.19292928505108353,0.3464338527018964,-1.3279431690205463,0.030233648161923803
0.9474949797767285,1.4511883101729142,-1.1330407996368974,2.698229483719346
-1.617141777919353,-1.9054456558146544,0.567886001773064,2.4929195970952196
0.42837614435512306,0.18678965085628008,-1.0722116155360983,0.8413766689207425
-0.4363760163779413,0.3779053407446922,-0.01293256456332248,0.5324141249884766
1.9511420808595492,-1.4542409897730675,0.7805782161903752,1.8744415682008126
-0.3827249275828315,-0.28720154029754097,0.8703910626327049,0.32656318152430364
0.7697446052974786,1.9650239748087532,-1.486422842183499,2.9408317466821545
-1.5835614024633347,0.8973552685149646,0.3135476680256364,-0.284425121699726
-0.9033573337607765,-1.6823225240440536,-1.6573670016142779,0.9384675118777048
1.5767634986564731,-1.2325307011250284,-0.706513751537917,1.9829237108796025
-1.093374391092048,-0.5800147766722508,-1.7223046290156265,-0.955401720449056
0.07623916363308147,-1.7295497456311404,1.2014260312894463,1.8433339150061145
-1.065151672358268,0.16004765841804236,1.520316350245833,-0.9153635322596134
0.6035094761887767,0.1318311462053412,-0.7026649875384976,1.5020500343210867
-0.6679923477672083,0.6779478207927605,1.9765574448846701,-0.9586840311738533
0.6473567593975145,0.2311336694800996,0.9226020409569844,1.3167260411622017
-0.1391775508651274,-1.7594306295968591,0.24918726351163922,2.465770268632868
1.8305011380215208,-1.2987882305693614,0.760019563282663,1.6084271420797172
-1.196265245363774,0.14331073789232507,-1.6132942014131215,-0.9375059460635584
-0.19851625496725944,1.0246533155809843,-0.6097139030440717,1.108070693664702
0.6596468979488721,1.1817998431589167,1.7087112779178106,1.45838318059096
-1.0614316725781858,-0.40273633676276743,-1.3903359466783303,-0.09160681614154881
1.9699340086335009,1.7080038716971813,0.15982852112223833,4.168274835627838
1.368133177505685,0.08383190908816873,0.49434275201103883,2.0702062745500496
-1.6435022715359335,1.0210816819872317,-1.4891460654590607,-0.9266843896104389
1.3042705210101135,1.1281123506815436,0.8349787909719057,2.74234589297457
-1.8553584779009515,-0.7874865762186856,-0.9475497203566285,0.3677270695634108
-0.5594543701139236,-1.6494290129446458,1.7478312921242511,0.8878829906354219
0.21520896284950508,-0.7779027573679058,-0.4120739317028663,1.3252033013965892
-0.21118983798065738,0.4023773334424692,0.06271771078599109,0.8768216702744088
1.6775678928576694,-0.012146068376678976,1.9686320592932507,0.44912495750258935
1.405699830980383,-1.1659579425706568,1.722380858575665,1.098488631510153
-1.5345344084580956,1.2697988339647663,-0.47750682609367967,0.06881095007572813
1.511897281780278,1.4722267604298014,1.2237016004704846,2.976908756316927
1.1601217452282455,-0.7812834436078369,-1.6763228677949913,0.7998063744682119
-0.3880792849393542,-1.3059019400539653,0.7798043556098468,1.4630827964431674
-0.6156010938488579,1.9024408034396596,0.5638883093813281,1.6724975243468618
1.2899222545374438,-1.4699013090326063,1.4480579290904902,1.630576744162472
1.6910287620535773,-0.05175232472425639,0.42501175100390975,1.8058037945075283
1.0592392036119818,-1.3006454909583498,0.010264305853769695,2.380253743637656
-0.4053478889107476,-1.4145040313510036,-0.5298623108338743,1.7095096548696096
-1.7273107624580257,-1.896752372202052,-1.459334843380709,2.090034134229525
1.8524604463566954,0.19811814358006785,1.8632886446128798,0.7844254484238354
-0.2700084866794721,-0.7527354676589617,0.024567451360976378,1.1441029314105482
-0.2419532454683595,-1.5773412629530243,0.5633052587608249,1.9741976802761203
-1.1358472699616016,0.47835181959131834,0.6008043695926135,-0.0010133150506310418
-1.3919005874854076,-1.7546014915573274,1.1230463442737593,1.6489968372526542
-0.1607983049227193,-1.7673448179780968,1.9794652686790686,1.1640157011041676
-1.7688777560145335,0.7801409154342127,1.9347157010536544,-1.46553756229303
-1.0432795831362975,-1.4310025252512153,-1.5144602423102844,0.6575925232358328
-0.7868994097296178,-1.5958167559574132,0.7686453667765276,1.6699004798505446
-1.7508328074797492,0.03768851259915884,1.9867874154119072,-1.381795488263139
1.2558810780240752,0.46087775292404354,-0.7749855168535533,1.9334773429093246
0.4955833451665539,0.10816585564660652,-0.2956664644385141,1.47555586143466
-1.477158493039202,1.546416860961867,-0.20086140471470992,0.6524994188723412
-1.2215099527169397,-0.5289625964908415,-0.3434809898842919,0.4342565221441572
1.3101515822674972,0.9344575222456082,1.0772195745653592,2.3308079731643496
-1.9558749422854111,-0.33538400728095397,-0.0746233934587055,0.2779260777018345
-1.9232308927077733,-0.9607471650198631,1.04115929248854,0.49360007914614895
-1.4515611770840038,0.1412405258103666,-1.13919251193105,-0.5305731092043299
-1.951516901424427,-1.035194169601834,1.9034950196402152,-0.02551420252055836
1.2061484475319584,1.8383065772841336,-0.048583824294550215,4.435203221535234
-1.561055205289986,0.19183795589477182,-0.1824906617601565,-0.1483958699213452
1.3774283309584638,-1.6076696768630216,-0.04703545191288727,2.585267729268719
-1.399805341224063,-0.7012962924397601,0.9494283095511986,-0.02680529204083948
-0.09592748252493388,-0.4964468594169227,-0.42209488571985876,0.9147217984471135
-0.16221292637605345,1.1400661753482275,1.5683387557609376,0.5350075445031636
1.821338746015713,1.1476135450211804,-0.7383724170079491,2.9472599131240966
0.7525388243461686,-0.2495875037784323,-0.9813175118157953,1.2782697188234682
1.3634863177036904,-1.8462946041507,1.607047968541694,1.8724767713777397
-0.15409014150106337,0.5488059072331217,0.6374156888231308,0.8077853224904651
1.5804709628261455,0.5466787286688293,0.45573433904024707,2.1917539069569987
-1.7333918377572402,0.07363208778081631,-1.3993239967318334,-0.8432353659705183
0.9497350748859423,0.04888768325069792,0.7209111168334132,1.2804765244381158
-1.833308397590463,-1.6608319358167871,0.865293552250729,1.9566124256215958
-1.7116626560053065,-1.7149730889389656,-1.9515660990604502,0.8264256871497857
1.8260055931979204,0.9500334378360278,-0.5869943659917434,2.8925307584392423
-0.8138576748493791,-0.6011870810166018,1.0986141247247274,0.13312705286763787
0.6454824442816576,-1.2592177285301283,-1.3035626586636626,1.4612890599291626
-1.6064174011464107,0.6412108788053525,1.0574906488869438,-0.4596454258127237
-0.9398142866999839,-1.9162201558763488,-1.6713133300942906,1.373529135780314
1.8714401393801219,-0.818220890090319,1.0768925913525345,1.4793163263331524
0.4986542754170551,-0.4722414413884164,-1.1772509512177796,0.9957888710180001
-1.5144543273623743,0.4600518721554665,1.098535122551152,-0.6703619962979805
0.5756170141645227,0.12120853299663326,-1.832195106273455,0.42775909135651996
1.8739551103775351,1.1948567666182983,-0.828711853196141,2.905168382317396
1.9198813174354026,0.4075263585452884,0.3296906328289859,2.121136743737328
0.9922927177181284,1.2470791523605502,0.6259144293260106,2.735694023769117
-1.4876170145352,-0.6469299760220064,1.712334561304199,-0.6925320904947295
-1.1015375526245923,-0.5113319046499467,-0.271692468223216,0.2654641300369909
-0.24238004122219126,0.45175832997810206,1.7723033509788304,-0.24865792382149732
-1.0372291526699802,-1.5139944947963277,-1.2101180405602507,1.0832226919213843
1.547699600837078,0.583243250620824,-0.8563728430433595,2.131057712112814
1.263787755874469,1.4454799854537441,1.3860573547611121,2.6726368517945773
1.6757061345582178,-0.9910359193065537,1.0201677149851132,1.3285353198621248
-0.15784201090343997,1.3679942115602461,0.9139627086464528,1.3513566840488405
1.1057897859988985,0.624647350724286,-1.2902849221211725,1.3817509901188987
0.1801076755877533,1.9386789580980328,1.7495522659884757,1.9784559694465071
-1.8273050568119533,-1.3407407370822515,-1.4730849061817524,0.6272184436607818
0.903919639941182,1.2711413194277803,-1.1459545347573123,2.5492646243391457
0.02341077180731599,1.3628121120448,0.9312061790650024,1.6496113274746003
0.16894882196739314,0.36139076183509156,0.03344218766511986,1.2617810764277138
-0.8098061947247177,0.26008797143606444,0.7555412082003627,0.10075430943658704
1.4932916634432307,0.5451654159169923,1.044486148172632,1.8075426787081716
-1.359713460181708,-0.15377010232084043,-1.9626735206916268,-1.2308330415434299
-1.013284541913508,0.9058468604520193,1.9672398053974538,-1.0798181812916579
-1.6032876016511364,-0.394022736554847,1.200283874796638,-0.3438305504090557
-1.1838574614844046,0.22033979720914498,0.9322851841186992,-0.2568130695467976
0.46394180104071614,-1.2479010615383355,-0.5784617252570423,1.9629730809792723
1.1351671379415889,0.2169060565280665,-1.979081545828349,0.6358325078893621
1.0439630401123754,-1.8587545802390437,0.9829351309249286,2.3988403796746924
-1.1900777593390504,1.8322939204775208,-0.5282369947916621,0.8637733255972262
-0.6922735346476836,-1.4044477986702213,-0.7775831380391405,1.3399667279806546
1.5066030473128023,1.9853373505089893,-0.5267618779726067,4.73983386748022
-0.20555747618182973,0.8882837528109482,1.544783121860298,0.04862297018954059
0.3721773367471366,-0.43389720728868264,-0.349512636605505,1.5900393295928228
0.7824725859872275,-1.9871269455828853,0.47835734983936273,3.2523017763533555
-0.5780279582345704,1.176789325108337,-1.6280374407074714,-0.055019942522164106
0.352809067793562,-0.07610844045550502,0.5693021036209096,1.1898569992010304
-1.7405856220681266,0.3199351497125251,0.24593835183809487,-0.15281510127828132
0.24264037766468372,0.41395066638581923,0.7058717489054489,1.0219309085246258
1.219955998723079,-0.9207171194871426,1.3001976407202482,1.30103036662251
-0.006977270946185499,-1.6917668834626753,-1.7657962830240832,1.259610316426013
-0.6630467252157568,1.1395879084458702,0.830723738963663,0.3572948555707611
1.1544598586896258,0.06907622576643746,-0.23920400817803777,1.9458306525228442
-1.4101898931748642,-0.6872289855627538,-0.26392253530449894,0.4895965980191207
-1.645598281281531,-1.117552189155155,0.39290117625495524,0.9119918178280016
0.9426524569567594,1.9933900455717986,1.7324533253742307,3.112651466821272
0.5702607981407661,-0.315007786823712,0.5447094588329309,1.349492895029049
1.142606472320928,-1.5266552363064507,-0.360380441214847,2.676278618028576
1.3592091425424688,-0.46466819226782397,0.28748908490874614,1.9107968748399418
0.3510774434487929,-1.2620949874654426,-0.5510582333908465,1.7258464462397582
-0.6619548450322714,-1.8952131658717408,-1.903232944434579,1.2798765627149347
1.3267881747030938,-0.9077167601087504,0.07231506495526174,1.863703932098273
-0.8050977056449078,1.762716980461362,-0.962812964536905,1.0864218657689952
-0.2813727490442597,1.4909210019384074,1.3677342671672346,0.86245363087926
-1.2555943286148907,1.2105732391828417,-0.1672524530484294,0.3026956023160361
-0.06812451165857913,-1.4660801103362249,-1.6775939449715014,1.0625713605988678
0.9117572278950608,-0.014155390578800997,-0.2525971895392818,1.6263595577449492
0.9180329146095869,1.062051595964439,-1.3643673293225858,1.7161388831876385
0.44090059791056513,-1.4585836708892579,1.0055003441161827,1.774865991908215
0.6278206250685581,1.8264584843338318,-1.7241679345743153,2.550431015076749
-1.7717811153949827,-0.8712517012271994,-0.9531772650563761,0.2899306149584785
-1.0120848037120007,1.6250183220841468,-1.0018152006019756,0.23456495813274697
-0.912201095485476,1.0375930496718548,-0.20104063019784002,0.3982422943641386
1.1068422278207248,-1.738535369742459,-0.049715225306462774,2.8821959225859395
-1.8655455992668695,-1.749387186178582,1.6257498133776438,1.6174715679195806
-1.4430185155296193,0.12968272910086842,-0.3556175895971738,-0.14846357982675215
-0.6106266949646293,1.5993333827490899,-1.912706412898042,0.036144034443929524
0.6551587447023564,1.8535777368542017,0.24067273384736776,3.778044557964931
1.7472898481323673,-1.790968482855905,-0.3248267237033544,2.4101790161431205
-0.9593688361517954,0.9232838599229192,1.9251883619889867,-1.04420612820158
-0.9738797502230088,0.6166984058962979,-1.2076094689610395,-0.442793886992227
0.2613210182864396,-0.1442700532466552,1.8880213185261483,-0.009555713543542399
0.43410909078586624,-0.6019745116527249,-1.5436168604482665,0.4995876201167663
-1.3950126850602618,-1.0987322801950596,-0.996133354638808,0.6258361839208408
1.4024642313645512,0.24489115313009968,0.09356364549746576,1.8656801181665246
-1.5409245125231301,1.4405587733977399,0.8912572128339349,-0.06527703481843738
-1.7293265523999937,0.8313403889190747,0.17415286937058427,-0.04297011111377957
-1.673098617012887,-0.16679743388537416,-0.061214851479812094,0.0027571283695526916
-1.336901839346897,1.7827925880011293,1.3999014859226477,0.07734058595896019
0.6760893493164333,-0.1508177559975712,-0.35293783366196596,1.5895790564306451
0.6038938686038167,0.18172747762762187,-1.7509075764724575,0.4038936593172682
0.05001059508132677,1.225614468931358,-0.16304048961216777,1.8232279696380707
-1.7921736897829263,1.1451127975361324,-1.1945448714561024,-0.6644631168835888
-0.9655166604478449,-1.3411745862708164,-0.6791397405140098,1.2229617840148261
1.0270060227545401,0.07754343801574937,-1.1804749033971498,1.3241588588159823
1.5113203126081634,1.5183274198061167,1.4823137001840276,2.943359131511074
-1.0448151544738429,-0.1950426232760476,1.9399586245635003,-1.204163309268083
1.0880499052399615,-1.8913303150977607,-1.7391816349580318,1.9117609151326727
-0.14427449275066895,1.6368808234462406,0.1548071918108569,2.1845691291166913
-0.008749967862839103,-1.5781052001734777,0.6271204188971762,1.845327184279187
1.288412642400902,-0.4783199699697507,1.10244740370131,1.4572279392995309
1.8579066156032464,-1.1849341634892436,0.09331852477896518,1.9626750838036178
-0.8514481676616978,1.1714176761353574,0.31037346352463,0.6294224410662457
0.538329670201215,1.1916566384635763,-0.41611810935018045,2.449566258777764
1.6603602736281728,0.13211546898455984,-1.368180708658608,1.134591620064189
0.7835964726752098,1.1730454017530176,-0.7329532917298933,2.341865270209457
1.4287170279950119,1.6245730190630656,-0.8923820504887643,3.604563340709029
1.9340858908608882,-1.4371538878049663,-1.1919373263900401,1.4250501348420328
-1.2631006430478955,1.5759588400314817,0.6171702092998474,0.6806238142992063
-1.3915828671109085,-0.23870632652660406,0.4611921002792081,-0.04599453606949977
-1.6661436600424668,1.529665473629355,1.2144141417661407,-0.29678102852530247
0.02082709430655294,1.8685064610366817,-0.3289560828996012,2.7449774594076684
1.9364412761459913,0.6716799952145083,0.5386850930157658,2.287840048887088
-1.33618041881686,1.527711033218576,-0.2900412483175394,0.5006215357958028
-1.3510663768700826,-1.9495699200969638,0.2390227345535303,2.717969736188554
0.1095984884907053,0.8774144894766343,1.5610322120712086,0.4996342100435408
-1.682373661427882,0.9259859613614494,-1.2503522236096711,-0.7267636196295341
1.4327082126286559,1.2762540554466244,0.16317501994217753,3.287226342301637
0.8409711944932461,-0.7425995472650064,-0.11532840426874147,1.675576616746256
1.2865475908418866,-0.1629392113071444,-0.5688069386982328,1.7849619947484139
-0.023150210998800436,1.3129970097488735,-0.6591678105165091,1.7957090776790012
-1.3049536274570248,0.848056081323123,1.3039128508323272,-0.6717073526913147
-1.5974500859058667,-1.040503548976221,-1.4321120409560244,0.2010913179882633
-0.6082343536713335,-0.1985960843783494,0.9953053478532259,0.09805775767103903
0.6045903395266965,0.4837142699137247,-0.5905002135613824,1.4768787479798875
1.3657902123390397,-0.11485133040734175,1.916419752060618,0.7700644710742862
0.5365685531829474,-1.494941033741989,0.704710248301736,2.170004800021684
-0.6995839382732041,0.7453087867443897,-1.721435407350377,-0.5094629493795242
-1.3004742512961625,1.4229490356231453,-1.0912817719059404,-0.11840030000311978
1.3481645009717602,-0.8828956461823583,0.5715276402348306,2.030867340151581
0.776602294039324,0.05061901258021173,-0.7787572932130749,1.503236792178726
-1.1494224945156155,-1.8672425817502951,-0.7842143950371048,2.2378920778522904
0.612651162125132,1.7532192737939307,1.484817929052208,2.5434358756136373
1.0642591061412103,1.1537893730131947,0.659939613903981,2.673600326551494
-0.958852569735988,1.6287801228233194,0.6829292476233362,0.9351820481622659
0.2417625239217598,-1.5560421231460757,-0.2117778247742983,2.3288847570616533
-0.15856691519229482,1.45825443809068,0.18659288075115388,1.6219154961993087
-0.4783978041183614,1.9072013140426374,-1.5571176266947373,0.9865903334820465
-0.30980628675222155,-1.8319012993143788,0.9596164830677214,2.0985669383983736
1.6723062087966025,-0.8798506817980423,1.4333667071964835,1.1085043012172502
-0.8311270781524089,1.6430806465756609,1.0158476143871358,0.722723681786928
1.2196271073657545,-1.927973777598182,1.8512414282961038,1.9372035577686346
0.906683968281293,-0.7809956184554667,1.3175786594353878,0.9354165430030201
-0.8739152063402802,1.4910153582645118,-1.549678438352252,-0.01071548799532667
0.814743909843183,0.16279390657964132,-1.6138621192182367,0.5557410576758594
-1.032424686964644,-1.9503838548907408,-0.12492813814197667,2.7157190341039086
-0.7949389569599985,0.39342993719103525,-0.8110487691655313,-0.05096056113131057
-0.8003235539720612,0.9727727949264136,-1.8074286560865862,-0.6704670554742623
1.611579980767949,1.4090554975647258,0.6712187329056261,3.3698048210049354
0.3728862804295372,1.569209992558609,-1.2586792818851422,2.2060765211582263
-1.6841233512366856,-1.0419593203618476,1.178313114800761,0.5623471091868375
-1.8613189330940667,0.3312273403339585,1.9817500647652397,-1.4293238538651531
1.4227843753501577,0.08578275617435782,-1.7454363628534306,0.842655279240866
1.3254940575428393,0.3959140327088422,-1.5402680117617327,1.2943817351102083
-1.6245708607065752,1.6385072777463696,0.6768010517523138,0.2541281542491744
1.3171471972670221,1.5159156011290693,0.2870894081932889,3.7606360855511594
0.06978540702016511,-0.27829035871603924,-0.7322136488355229,1.0112698104038997
-0.2616161565651529,1.0955186229206255,0.4076937240605263,1.2805556041951536
1.5700931598193844,-0.2264799424832491,0.4283583148750161,1.7556566004848924
0.5252302123679549,0.3667886492253021,0.8105350923420653,1.3517262057695816
-1.0502661265007749,0.04945511018316262,-1.5831007887666093,-1.0235333217259093
-0.4619546894207498,-0.04933172551494236,0.6088970381818899,0.43987315529511817
1.802124210344814,0.4026042661934235,0.9743756647062392,1.8788158241710926
0.025064237980811033,0.5364161255053252,-1.7162711354649063,-0.15897767129222576
-0.982433676632612,-0.5525876271794452,-0.11002657997394572,0.3614650239518523
-1.817405017990465,-1.4399036097867293,-0.8927427688347769,1.4509461888162707
1.8861307636042026,-0.674611971587797,-0.07183576755166987,1.7638563957916475
-1.2156091490464283,0.44312028430307304,-0.8772671379361028,-0.48269454776314913
-1.172029686246293,0.06629051378391626,-1.9779768033583167,-1.2997757354465305
-1.9693438694030987,-1.123724763592569,-1.8531145499967154,0.12021769447435202
-1.5678969834772345,-0.6445574026449936,1.2103427183192514,-0.15581697751723295
0.28819457347720334,0.050670903825665636,-0.8260447071675134,0.8920964733203851
1.7270148777312655,-0.4119398350512333,-1.651628932816914,0.8833681273304
0.4682660644712051,-1.5446464260935944,-0.6191074287932317,2.4072517823071613
0.0296477548712355,1.4968900987407032,-0.025813678639525328,2.1146079219007223
0.809035064126657,1.9712673559962814,-1.4740435204080735,3.1804015665517587
-0.9010738979219219,-0.4216956976094144,-0.31268728584467453,0.4195444420410497
-0.35591569893781694,1.6304440102262197,0.8561305778674257,1.4261968794934519
0.431620856362815,-0.7625091285488717,1.2951615368851788,0.8685372896944187
1.8202420459399558,1.2847931302009061,-1.9937395792341084,2.159505621528491
0.5456054807336281,-1.795458474231597,-0.9695711186651126,2.2116053781926044
-1.7619011986089133,0.415181811797551,0.7463596539704271,-0.24906415340999338
-1.5420494477363795,-0.46464446782008206,-0.17505396417783192,0.3152970216122126
-0.5237879129563336,-1.5158999980592278,-0.32420883925009836,1.7937693820422096
1.0047121912336725,-1.7159693418669781,-1.6792799436723862,1.6818720643415443
-0.5809148326560631,1.7669028464757002,0.6742905868916562,1.481650882814046
0.7146798266902592,-0.5523200366485401,0.3746431648341537,1.4470028686582705
-1.9594752638890265,0.5443841856381688,1.653147790304947,-1.0300102293650741
0.45029387337927673,1.4947943738653802,0.8958922218643752,2.3833192785162325
-1.517766334385239,1.6098132291433669,-1.7342246225769005,-0.5542425780483136
0.1358698901910551,-1.4314515048261693,-1.9531735570763837,0.8236595011338033
-0.311862959489444,-0.819837169383375,-0.05599802480958793,1.0022535555495062
0.3087995469382032,-1.8250437107642106,-1.5079868195050175,1.9103510646817483
0.2345695858017014,-0.6273305873093671,0.916693950197792,0.9667334406031508
0.6091665943677587,1.3824174519596273,0.7699713066769012,2.582967648331309
-0.2802756904394075,0.6918664895777296,-0.8984753029783259,0.31462585987857006
-0.7747460048871493,1.1559406396831733,-0.2143219343936713,0.667108073295708
1.19352136207341,1.2896894946731137,1.430249350645135,2.3029056953781253
1.6665409433648293,-0.27605911794681504,-0.7245327267154447,1.6875406567912976
0.32879498637645543,-0.5153103062494897,0.4042966672009318,1.3712294366883158
0.8223434505752985,0.7536200739685475,-0.5017884519195146,2.0085956797059645
-1.3325591932049887,-0.27788264615116987,-1.429623423672365,-0.7525705389448858
1.5603881407352334,-0.6164901570485704,-1.3821610111067049,1.077838770108791
-1.8982089603769965,0.583289545145937,0.547609269818973,-0.3448184136778832
-0.6375833336748333,-1.713152444609396,-0.3614844204190719,2.2194448209286968
-0.7551300197464257,0.7084825589400374,0.4231169978107614,0.27998427925016334
-0.54162508720984,-1.1284297829800396,1.9521438646223674,-0.3583668770338108
-0.18399351521554053,0.7530969431209482,-1.437788129686557,0.15418504610024414
-0.0576412013624088,-1.889853120522138,0.021820471641799788,2.6567507029517987
1.8560696284708094,-0.4631731480567991,-1.8440159497003537,0.37598436544280356
-1.8761768363226259,-0.44805296021252206,-1.3599002541472238,-0.5155753769403033
-1.9065916146872564,1.0248544558007073,-0.16590796447243727,-0.007969229914735157
-0.8430209121093819,1.6003327320659229,-1.5354441591978976,0.29735106032296255
1.8236753158212768,-0.7441331304905887,1.553614689234725,0.8864452649770616
0.41177150591784617,1.3068294389659498,1.9360526528418571,0.9977304539069531
-0.8463782487250171,1.8445419416303719,-0.4420724203903186,1.433385660288234
-0.45795238105231073,-0.6384515829819772,0.16563042939034078,0.7898175140071585
-1.3834198272860516,0.21484594143204472,0.16681924964001604,-0.13192570754713656
1.04760725041948,1.3345998477503422,-0.23823459875030384,3.0325693352574286
-0.790667002594025,-0.9626604107316221,-1.2215046531805123,0.1479275569540581
-1.7694096712039005,-0.6302080846611466,-0.919009231476867,0.12038462305594098
1.8656695434656294,0.23083530500017568,-0.6108918438779698,1.9476223166431184
0.32187040397478395,-1.443213194617218,-0.22382500319118837,2.183808557766994
0.5049372856842553,-0.04440867283019445,-0.392884797382703,1.360223293568724
1.9753935555987927,1.521259048595708,0.49362383263776044,3.763948158139562
0.2775094447291311,0.4826419192983362,-1.194751568710267,0.8586832542350478
-0.41944902694272557,-1.8421618684364027,-0.09781585005269333,2.3848374228522076
0.1720983358306527,-1.0890010555871616,1.856115388662055,0.5041262946101417
1.637818443748968,0.8885729418236235,0.13354651506145032,2.720006348358798
1.4798766385907398,-1.4773906247061483,1.16203917709954,1.7535300718800164
-1.5007167441326068,1.1768426501976217,-0.8969297269945722,-0.3575648172315301
1.5083623240727557,1.7761683753015913,-1.4048161223795375,3.494249245804078
-0.14929757973842595,1.9239495126507404,-0.06637025610741354,2.7112045478419002
1.4541900900581806,0.3549260885252794,-0.49868036832159257,2.140811728474934
-0.8568657778965192,-1.187107635655651,1.0471927655107889,0.8518222373037185
-0.4538379727078885,0.04510184880300461,-0.030698079995272298,0.6082013009261354
0.30911611693252494,1.462308582498209,1.9229573743337176,1.0537028892004805
-0.36966316570473223,1.3100756884252123,1.0581111786188706,0.8090017752540201
0.294115805822293,1.8241885744477324,-1.1981019378863889,2.400788778894945
-1.5629431587615144,1.4158478678216886,-0.2434007334650068,0.44205799350251185
1.387875416828242,1.5723608207816597,-1.7501696255237142,2.57605629470237
1.5338590519442428,-0.20672377852231127,0.04172995601692886,2.014058915711837
0.5063700443728409,1.705530426920347,-1.9235356222809439,1.9423375375662706
-0.0926261267287316,0.7508881697222427,0.8908278307929138,0.9802877757537083
0.7701297261484319,-1.4622594823675126,-0.8024176465132751,2.081492615220673
-0.5651378983319462,1.21774883071802,-0.8849605103417879,0.7040173032027934
-1.1571801445311873,1.8297920761523847,-1.9645468595461244,-0.03231303336132374
1.9912834227279128,0.7072851954295825,1.3138771977964683,1.7778758187935226
-0.8215224146152273,-1.94273888933176,0.9514780742461202,2.0607107947398147
1.3365783880027031,0.9619045278140765,-1.4285988507966456,1.774742291117346
1.0137116890278763,1.075691128430564,0.6341620626802196,2.631327673785137
1.0644637311823448,1.3836857587109286,0.4544164569498337,2.9838894085508336
-1.6455811441212838,-0.04948876133115654,-1.6894026613135797,-1.1271093717499112
-0.36982787587027666,-0.37157404349748946,-1.7359606234390337,-0.3718788591994278
-0.6047178641220827,-1.5560076048347407,1.2329408400368886,1.2743156461506326
1.790752103857883,-1.7107340989682456,1.8204608291668056,1.3156280806577552
0.09030639734698065,-0.8017372881845044,-1.692551698895346,0.2906286550899311
0.0024970722816712865,1.1780621779629947,0.8283459090667926,1.50127685238409
-1.799095954144105,-1.708392658528386,-0.38850686946945157,2.23756286135973
-0.8188380238082269,-1.0704627077758087,-0.8759820043651456,0.6780965676174098
1.2139309731875385,1.7169122145274156,-0.3795892218897343,3.8877051085011978
1.6244440085299883,-0.7140171950084722,-0.09425205462483355,1.984088042750776
-1.0958840087360011,0.5619041687033759,1.9159244606992356,-1.1644766083052014
0.41397238417351456,-0.5687436635458045,0.5912697839621135,1.368706838985028
-1.5083172861384497,1.5546363210615946,0.012335803119345456,0.6252060564145522
-0.20260103184143174,0.34345915381407677,0.4991354511576098,0.5970813351438848
-1.7128967750939479,0.7304688848936096,-1.0322732787378817,-0.4189026042453004
0.8558105300263592,1.290139177536787,1.2158340302100812,2.4184453844147127
0.21000386963155648,0.08067956924300468,-1.4284961546423531,0.4321837979060489
1.1013846016125424,-0.9143624782131425,-0.013218308728213835,2.1858370304550796
-0.8629036282899332,-1.4646865480012274,0.5182307875669463,1.3951191282860684
-1.7826718607083847,0.9945809365048,-0.7296528189555334,-0.32198496784907127
-1.9994612279820587,0.044516556948919206,-1.8125923658895875,-1.248210529227047
-0.8953217687164021,0.8279059498228647,-1.7492415135125365,-0.76542058011395
1.3573539694240093,-1.9847203093656676,-1.012704523192391,2.563228912807521
0.9636162246082858,-0.7349194010827729,-1.5924304477359459,0.9329764515431707
-0.5590643247982885,-0.9184268544618979,1.3708476086422197,0.381071325671122
-0.7466083296594275,1.155729887104029,1.567488579242939,-0.19733264742195877
-0.2647303216938819,1.639772575417568,-0.4907277841472286,1.862914012282629
1.8563136659604327,-1.6428419018977083,0.748077066012971,2.028302793285759
-0.024743838172285315,-0.44940477817741176,0.5308475149944036,0.8572702307372589
0.8154283665373248,-1.9825469213987637,-1.3321876450112051,2.5695908304610655
0.8521842025372748,0.6655416543128259,1.8641900205147088,0.9330745627504502
1.044151161003132,1.8030908309253522,0.8101620061392278,3.740355413107763
-0.8077911654422274,-1.578540310996574,1.1272954533797424,1.292984926098908
0.5765968859036636,-1.807255950426815,-0.5597981363960867,2.510425313932879
1.8271992619371447,0.0016045828408048912,-0.26908345592118144,1.8251190354566722
-0.1692015793628241,-1.164469103979345,-0.5251713165408192,1.6250877380675777
-0.5207469760512935,-1.7905799192501104,1.070270514071673,1.7371330670884029
-0.3339822723844841,1.2887195472656932,1.4013920044795816,0.5610115539270708
-1.1520237812053677,0.6294139286805143,-0.11087278334807316,0.16156654692890604
1.5206269516859403,-1.1370372832941835,0.7112528012401769,1.7585182073461818
0.4310084890108903,-0.8187940897126689,-1.4535963853953096,0.7825298586522261
0.6065590419091063,0.9543898325293227,-0.7374906249466,2.033091637621627
0.5793304160892552,-0.4194763695539869,0.8528275331304709,1.221645490851476
-1.2031389004237876,1.5608600105446975,-0.8503616141376811,0.6681424044450667
-0.5288560489753884,-1.7676321916786009,-1.5539511507148944,1.1881471275369027
0.0634476108493125,-0.929629293088114,1.3419209029687775,0.810570804870994
-1.9412264453801846,-0.48362380531225524,-0.6506178129236293,0.24485084774781204
-1.9226894763295959,-1.5025264039979591,-0.34542930032545893,2.0748606292013028
-0.02854166221021348,-0.3828410109805236,0.12375071364837531,1.0845072707853138
0.3805266996227261,-1.9603047154886575,-0.14361936218598448,2.985411183677977
1.8539969635503533,0.07612912051819487,0.7101690698358127,1.7865580711650384
-0.7525445683324672,1.0959655126110501,1.0916859275044604,-0.05515727278610574
0.0851841906165558,1.9040552931168544,-1.4977991409493865,2.0797102338269653
-1.932209340441676,1.080632847028384,1.2286221494595302,-0.612565245634591
-1.519171083517695,-0.9376686681655757,-1.9297905465334844,-0.41917944129412066
-0.8267655568777412,1.092567495674686,0.07184211085031578,0.6933503442532213
-0.6076176273268477,-0.5130428203746789,-1.9945854971381274,-0.7202418860805756
-0.8007978897390564,0.585834966551722,1.8967777752654285,-0.9924808353964714
1.388243307935598,-1.9056201414178835,1.5942424186993573,1.8938873826588845
1.1327936531945038,1.1215044942839216,-0.16801696398571409,2.830312962564288
-0.4079788281819887,-0.7883370846672295,-1.737220564182537,-0.036513320574487806
-1.0870585460252036,-1.0135854600879015,-0.06369172115919364,1.1005689705118877
0.9897776263867759,-0.10476068640821357,-1.7686222022113576,0.589935289704919
1.8311592039528155,1.770897276376449,1.1407581725936335,3.9286794193690295
1.9653116062568823,0.1779293312010517,1.8510734010128242,0.6768350185828617
-1.697579837532997,-0.5372770069545147,-1.0984749279729367,-0.0017888218783968374
-1.2166676634629199,-1.4367882044292957,0.4896545662639866,1.5676963537905484
1.1252874229892202,0.3131935976814426,-1.4121491616471613,1.4092706960183912
1.2444950797338836,0.5438188286549139,-0.4473371754920179,2.111907678550823
0.6965211821442518,-0.9603800830286686,-0.619231166023158,1.6785646241964838
1.6699433725279609,-0.8379819773143184,-0.12004692736825362,1.9423287282503054
1.5605645495840585,0.8308854010701099,-1.751187095341189,1.6193629600388553
-1.4107878228841186,-1.9686336369123327,0.5236871609166536,2.6281450224698966
-0.2093062983583267,-1.4629005963908979,1.8317364842270818,0.6088308760700434
0.11863889578247955,-1.0324268235484433,0.002414284618830198,1.7027053987982557
0.7184813309404312,-1.695043128105742,-0.9011847398084321,2.4222657481084693
1.2278619635359744,-0.16134051838935504,0.18630856812917962,1.7864235441068894
-0.268735991162123,-1.8244002294279795,-1.3370008807193763,1.9130053417642714
-0.2178334450324364,-1.1632581383682887,-1.800083885361285,0.426225014940679
1.374598656207295,1.9247701166564632,1.1725714959869578,4.028133163475958
1.415139686818668,-1.0320914787318185,1.842507902052799,0.8219294469016213
-1.2122971821862865,1.805719241447329,1.9792771758638041,-0.3046438435757868
0.846891222984195,1.9245749271672876,0.27815911826841466,3.9655832875480406
-0.9618328672956387,-0.25201645733751654,0.37424374151514384,0.21802158359194007
-1.70767375189194,0.4893730584689844,1.9247113470491781,-1.6834219525288876
-1.2395694008650895,1.1703804651535332,1.6315951751184774,-0.6690950152980601
1.7748063712808833,1.8405424176217888,0.08583855488588776,4.493210956110171
1.9092316319660148,1.0292408285377554,-1.3533142550521524,2.428575079349307
-0.09239957412812005,0.8733247014880159,-1.0106387367236667,0.7631791183304392
0.5624607341955494,0.6664019161864769,-1.3492010247657364,1.066382185194383
0.26034124981102513,1.0865076439144308,-0.004417341856232326,1.869735427793365
-1.9515875328955703,-1.9638461236828313,-0.5718826241199513,2.9618398839059816
1.704776273727128,-1.085292881585565,0.5374547554867486,2.0257815960034375
-1.1116965172267177,-0.7133200413618055,1.392168358405936,-0.47524173481559295
0.9154457690797875,-1.6184028907471575,-0.2851919160542655,2.745284483558377
-1.8833209454189421,-0.07643941358796402,0.6497360468042723,-0.07540504266095724
-1.5259895056073938,-0.8444602443633373,-0.4086534979913723,0.5411060058033779
1.678124098624199,1.973020061691856,-1.8203548040175366,3.579434359597531
1.0440316939815681,-0.5131037343906271,-0.43016725508207987,1.9119022066326554
1.0170598933880908,1.6737057285816346,1.8037143780101936,2.436520268185097
0.30849034415328314,-0.5715153627979888,1.150196343435117,0.7070165738382299
-0.995994466950799,0.25629611533407104,-0.5656861539005074,0.07491543229746123
0.6265242948315044,-1.0384043484259724,-1.233628217060697,1.2949701377562792
1.6729563467017483,-1.5927852682018524,0.023831630939726622,2.3697940728494333
-1.1165888681479643,-1.8442801466973302,-1.8559247268342944,1.1602482240944259
-1.2991129115766906,1.467081418024001,-0.8700850240918934,0.08325839877062137
1.8018366823011829,0.3264891719567742,-0.25354324092493563,2.281322199509056
0.3203553386778184,0.06679354090507106,1.0351050150293006,0.9401265574507849
-0.870015736108591,-0.5877984335987905,1.576377210133003,-0.3905476531389173
1.7858260526016219,1.570232909945898,-0.3222080241707457,4.035739239625563
1.1214620120275267,-0.09465706679560482,-0.009840591415591238,2.049440535983989
-1.1812795637708642,0.3645212130340658,-1.2554564089866083,-0.6777269747555447
-0.6737412037312249,1.4201208064797406,-1.1716967631565791,0.3678207263247818
-1.7153668593062688,-1.7239696295487348,1.7631380820124316,1.2374292857796036
0.027681751847338454,-0.3623517127319267,1.2435143240316737,0.6203936385630195
1.343303711642064,-0.6712358675375816,0.7744722298951809,1.5423259407941077
1.0844912634075463,0.618602747463818,-1.3936197007996025,1.4167660547424337
1.503532334068228,0.1563782109440348,-0.8701102945199852,1.7668884576677102
-0.29908725824922433,-1.8497156384043705,-1.4885327951103298,1.6588240716069105
1.0621870020634434,-1.9999534609785354,-0.3337366860708313,3.0826266477966033
0.09004072434235377,-1.7814623199961108,1.8923126518893314,1.4247820978279366
-1.0954986750013123,-0.7832051214548765,-0.7842299509798907,0.6148850499783316
-1.0783333515306004,-1.9941047116547543,0.9173791763519854,2.379664993087546
1.8673819991971414,-1.1028260668598198,0.6521887672136897,1.650983776280465
0.9675853078348604,1.393701516362099,-0.3094832119455635,2.9968728179104462
-0.788276377438283,-0.6988194639078755,0.8504853323940513,0.385710175623879
1.2671178660225442,-1.2735441289735894,-0.5162359673689392,2.2611521723039862
1.6077607869966002,1.226774078778957,1.9394336110499033,2.0306841650228127
1.016993038728323,-0.4272191958883109,0.36255133597855105,1.7461994916877228
0.6440570169892812,-1.6861767347315042,0.17798783641546034,2.6215172092929255
0.8372833138904383,-1.3307147839957585,1.1225268697022286,1.6181626782140615
0.33509112205644653,1.8088871427903785,-1.8303108071724332,1.9735979918198505
-0.9386954497781321,0.40621551719929627,-0.8137603511762772,-0.060529126883562934
0.8576966562849688,1.036021130087724,-1.5899361437341022,1.3858735878464714
0.0554178568270709,0.03556222236422357,-0.5228769191378357,1.0819830698361736
1.7316994502786884,1.3100252794928848,0.7888375276385471,3.287814858168135
0.8573065429399902,-0.15313542474752362,1.6839780843863035,0.7554417297587821
0.7783817090131415,0.9159242466232658,1.446763615149381,1.3249704098465087
-0.903713642631236,1.228283615466812,-1.2190375881740318,-0.15632764639027466
-0.6186321910204486,-0.6575581829206292,1.9141018735565622,-0.5931925224325938
1.4261488949917074,0.8046794463610389,0.9082270464615605,2.3230120847607862
0.2482911776102843,1.7883626684340763,-0.01496498847055383,3.1576029273503066
-0.4779291605204219,-1.347858652273636,1.144822609044232,1.1254899690043727
0.9377757283023658,-0.46257984590346046,-1.8992263441630826,0.4362699790966934
1.3559893108720429,-1.9543280661837055,0.8147991185162038,2.6750798989511018
1.8810284389042282,-0.24935468740718614,-1.060106380016189,1.4544179741547403
0.8194840401735268,1.2685125680623406,0.18572126431138924,2.733546320962209
1.8681411010245847,-1.7933251133681556,0.019182393218112548,2.721732848003482
0.8738157892902003,1.4505618845967159,-1.2829775523688398,2.4545288783488433
1.2000139270547256,0.21082830287418108,-0.41378527204014715,2.104831107560682
-1.4731398856836257,1.4611830356356497,-1.3709071672811386,-0.30701174182543756
-0.760848563163603,-0.8398178721502525,1.4856561367634171,-0.07385915362475498
